{"ABC":59.99,
"ACP":0.014931,
"ACT":0.00107,
"ACT*":0.017178,
"ADA":0.302965,
"ADCN":0.00013,
"ADL":0.01515,
"ADX":0.073693,
"ADZ":0.0023,
"AE":0.051715,
"AGI":0.0135,
"AIB":0.005626,
"AIDOC":1.43014432e-5,
"AION":0.000812,
"AIR":0.00681,
"ALT":0.565615,
"AMB":0.009235,
"AMM":0.005929,
"ANT":2.7888,
"APC":0.0017,
"APPC":0.001493,
"ARC":0.0169,
"ARCT":0.00061,
"ARDR":0.067747,"ARK":0.414482,"ARN":0.001042,"ASAFE2":0.4,"AST":0.112093,"ATB":0.017,"ATM":5.75,"AURS":0.352867,"AVT":1.08,"BAR":2.789,"BASH":0.0056,"BAT":0.194061,"BAY":0.0644,"BBP":0.0005,"BCD":0.121444,"BCH":110.588311,"BCN":0.000267,"BCPT":0.00089,"BEE":1.0e-6,"BIO":0.0008,"BLC":0.072132,"BLOCK":0.18,"BLU":0.00054,"BLZ":0.058652,"BMC":0.001869,"BNB":259.837784,"BNT":0.385726,"BOST":0.048,"BQ":7.775e-5,"BQX":2.720931,"BRD":0.019441,"BRIT":0.03,"BT1":0,"BT2":0,"BTC":26634.758909,"BTCA":0.00036,"BTCS":0.01201,"BTCZ":7.930422e-5,"BTG":11.629654,"BTLC":9,"BTM":0.078282,"BTM*":0.122609,"BTQ":0.01,"BTS":0.008758,"BTX":0.269973,"BURST":0.017348,"CALC":0.0006,"CAS":0.007,"CAT":0.051541,"CCRB":0.08888,"CDT":0.025322,"CESC":0.0037,"CHAT":7.199640000000001e-5,"CJ":0.000898,"CL":0.028,"CLD":0.02,"CLOAK":10,"CMT*":0.03954,"CND":0.002249,"CNX":1.996594,"CPC":0.0005,"CRAVE":0.4,"CRC":0.08475,"CRE":1.316485,"CRW":0.02202,"CTO":0.005,"CTR":0.00098,"CVC":0.080371,"DAS":0.937816,"DASH":38.570825,"DAT":4.229558400000001e-5,"DATA":0,"DBC":0.002715,"DBET":0.027656,"DCN":2.3421e-6,"DCR":13.621509,"DCT":0.00608,"DEEP":0.001,"DENT":0.00076,"DGB":0.007256,"DGD":214.99374,"DIM":9.4957e-5,"DIME":3.0e-5,"DMD":0.58782,"DNT":0.0296,"DOGE":0.068977,"DRGN":0.005949,"DRZ":3,"DSH":252.13175,"DTA":2.0537946e-5,"EC":50,"EDG":0.006896,"EDO":0.61442,"EDR":0.00023,"EKO":5.286948e-5,"ELA":1.437,"ELF":0.29627,"EMC":0.003965,"EMGO":0.43382,"ENG":0.002908,"ENJ":0.288666,"EOS":0.892136,"ERT":0.2054,"ETC":17.048861,"ETH":1843.82916,"ETN":0.002001,"ETP":0.031342,"ETT":2.9,"EVR":0.104931,"EVX":0.013999,"FCT":0.047655,"FLP":0.0058,"FOTA":0.010699,"FRST":0.78001,"FUEL":22.057794,"FUN":0.004724,"FUNC":0.00061,"FUTC":0.004,"GAME":0.033322,"GAS":2.559988,"GBYTE":10.946626,"GMX":51.565,"GNO":115.88,"GNT":9.999e-9,"GNX":0.001698,"GRC":0.0067,"GRS":10,"GRWI":10000,"GTC":1.116072,"GTO":0.023263,"GUP":0.445248,"GVT":0.025101,"GXS":1.220285,"HAC":0.013217,"HNC":0,"HSR":10.943982,"HST":0.0027,"HVN":0.03529,"ICN":0.145185,"ICOS":17,"ICX":0.216159,"IGNIS":0.003965,"ILC":0.098703,"INK":0.000415,"INS":0.16337,"INSN":0.0473,"INT":0.002679,"IOP":15.455555,"IOST":0.008354,"ITC":0.000124,"KCS":6.53,"KICK":0.000324,"KIN":6.0365000000000006e-6,"KLC":0.000703,"KMD":0.256768,"KNC":0.572189,"KRB":6,"LA":0.036676,"LEND":1.192756,"LEO":3.160536,"LINDA":0.000271,"LINK":5.949086,"LOC":0.520093,"LOG":0.060174,"LRC":0.24855,"LSK":0.769933,"LTC":89.238468,"LUN":0.023527,"LUX":2.09e-6,"MAID":0.149292,"MANA":0.405468,"MCAP":0.005398,"MCO":2.219778,"MDA":0.050315,"MDS":0.000112,"MIOTA":0.17616,"MKR":650.17975,"MLN":16.8905,"MNX":0.028649,"MOD":0.222802,"MOIN":0.033073,"MONA":0.366392,"MTL":1.167442,"MTN*":0.009575,"MTX":0.000614,"NAS":0.009178,"NAV":0.042296,"NBT":0.00282,"NDC":0.008989,"NEBL":0.120173,"NEO":9.036259,"NEU":0.024194,"NEWB":0.002604,"NGC":0.070055,"NKC":0.044321,"NLC2":0.599935,"NMC":5.867998,"NMR":13.642,"NULS":0.212679,"NVC":10,"NXT":0.002116,"OAX":0.2399,"OBITS":0.015,"OC":0.000466,"OCN":2.8627137e-5,"ODN":0.5,"OK":0.005287,"OMG":0.66592,"OMNI":1.3711,"ORE":0,"ORME":1.235715,"OST":0.000422,"OTN":0,"OTX":0.023,"OXY":0.0119,"PART":3.951477,"PAY":0.00944,"PBT":25.101825,"PCS":0.019961,"PIVX":0.209363,"PIZZA":0.001,"PLBT":20,"PLR":0.003971,"POE":1.32176e-5,"POLY":0.12155,"POSW":0.48712,"POWR":0.143493,"PPC":0.370101,"PPT":0.015861,"PPY":5.45,"PRC":3.0e-5,"PRES":0.219998,"PRG":0.987567,"PRL":0.061361,"PRO":0.3235,"PURA":0.25,"PUT":0,"QASH":0.029567,"QAU":0,"QSP":0.01212,"QTUM":2.34342,"QUN":0.008318,"R":0.010524,"RBIES":1,"RCN":0.001514,"RDD":7.930422e-5,"RDN":0,"RDN*":0.324446,"REBL":0.000793,"REE":1.0e-5,"REP":6.1795,"REQ":0.08082,"REV":0.000258,"RGC":0.001,"RHOC":0.178417,"RIYA":0.090025,"RKC":5,"RLC":1.387421,"RPX":0.061017,"RUFF":0.000227,"SALT":0.768708,"SAN":0.051687,"SBC":7,"SC":0.002983,"SENT":0.000659,"SHIFT":0,"SIB":5.177,"SMART":0.000195,"SMLY":6.0e-5,"SMT*":0.011226,"SNC":0.031023,"SNGLS":0.000402,"SNM":0.33467,"SNT":0.02281,"SPK":0.0084,"SRN":0.001586,"STEEM":0.174051,"STK":0.307261,"STORJ":0.29062,"STRAT":0.337673,"STU":0.00019,"STX":0.62465,"SUB":0.000332,"SUR":0.01,"SWFTC":0.001133,"SYS":0.110344,"TAAS":10,"TESLA":0.019139,"THC":0.001586,"THETA":0.750197,"THS":0.00171,"TIO":0.085,"TKN":0,"TKY":0.000171,"TNB":0.000296,"TNT":0.0044,"TOA":0.002397,"TRC":6.2,"TRIG":0.523408,"TRST":0.04799,"TRUMP":0.055,"TRX":0.072681,"UBQ":0.02247,"UNO":13.4,"UNRC":6.0e-5,"UQC":8,"USDT":1.00925,"UTK":0.077486,"UTT":0.009029,"VEE":0.00185,"VEN":3.681831,"VERI":23.736235,"VIA":0.040181,"VIB":0.052862,"VIBE":0.000793,"VOISE":0.00018,"VOX":0.121362,"VRS":0.1375,"VTC":0.094636,"VUC":9.9e-5,"WABI":0.0012,"WAVES":1.567069,"WAX":0.04713,"WC":0.045,"WGR":2215820620.284996,"WINGS":0.001057,"WLK":0.0058,"WOP":0.046453,"WPR":0.04073,"WRC":0.026435,"WTC":0.159822,"XAUR":0.10301,"XBP":0.0027,"XBY":0.2889,"XCP":4.758253,"XCXT":0.095658,"XDN":2.7775099999999998e-5,"XEM":0.028797,"XGB":0.0015,"XHI":0.001325,"XID":0.010924,"XLM":0.088492,"XMR":142.287812,"XNC":0.00018,"XRB":23.490513,"XRP":0.540156,"XTO":0.324858,"XTZ":0.843956,"XUC":0.00107,"XVG":0.001728,"XZC":4.96985,"YEE":1.9998e-6,"YOC":0.00012,"YOYOW":0.002115,"ZBC":0.012025,"ZCL":1.301647,"ZEC":29.051856,"ZEN":7.06533,"ZIL":0.020743,"ZNY":0.02,"ZRX":0.200054,"ZSC":5.85e-5,"611":0.389165}

